Nombre,Fabricante,Referencia,Rating,Valoraciones,Precio Actual,Precio Antes,URL
Satisfyer Pro 2 Succionador Clítoris,Satisfyer,93654,Currently 4.43/5,(1207 votos),"28,90 €","59,90 €",https://www.diversual.com/es/satisfyer-pro-2-estimulador-mujer-93654.html
Red Rose Succionador Clítoris,NaN,101258,Currently 4.13/5,(39 votos),"29,90 €","49,90 €",https://www.diversual.com/es/velvet-succionador-clitoris-101258.html
Sona 2 Cereza,Lelo,98941,Currently 4.12/5,(59 votos),"74,20 €","99,00 €",https://www.diversual.com/es/sona-2-cereza-lelo-succionador-clitoris-98941.html
Satisfyer Penguin Next Generation,Satisfyer,94460,Currently 4.41/5,(194 votos),"29,90 €","45,90 €",https://www.diversual.com/es/satisfyer-pro-penguin-estimulador-mujer-94460.html
Satisfyer Pro 2 Morado,Satisfyer,101229,Currently 4.00/5,(28 votos),"33,90 €","59,90 €",https://www.diversual.com/es/satisfyer-pro-2-morado-101229.html
Satisfyer Pro 2+ Vibration Clítoris,Satisfyer,97903,Currently 3.86/5,(121 votos),"34,90 €","59,90 €",https://www.diversual.com/es/satisfyer-pro-2-vibration-clitoris-97903.html
Satisfyer Pro 3+ Next Generation,Satisfyer,97904,Currently 3.99/5,(136 votos),"32,90 €","56,90 €",https://www.diversual.com/es/satisfyer-pro-3-vibration-estimulador-clitoris-97904.html
Satisfyer Curvy 2+ Rosa,Satisfyer,99530,Currently 3.88/5,(69 votos),"29,90 €","45,90 €",https://www.diversual.com/es/satisfyer-curvy-2-rosa-99530.html
Sweet Tornado Rosa,S Pleasures,101716,Currently 4.00/5,(1 votos),"30,00 €",,https://www.diversual.com/es/sweet-tornado-rosa-101716.html
Sila Cruise Lila,Lelo,101369,Currently 4.00/5,(1 votos),"169,90 €","189,00 €",https://www.diversual.com/es/sila-cruise-lila-101369.html
Satisfyer Pro Punto G Conejito Clítoris,Satisfyer,96953,Currently 4.30/5,(132 votos),"34,90 €","59,90 €",https://www.diversual.com/es/satisfyer-pro-punto-g-conejito-clitoris-96953.html
Sweet Tornado Dorado,S Pleasures,101715,Currently 4.00/5,(1 votos),"30,00 €",,https://www.diversual.com/es/sweet-tornado-dorado-101715.html
Satisfyer 1 Next Generation,Satisfyer,94462,Currently 4.03/5,(151 votos),"16,50 €","24,90 €",https://www.diversual.com/es/satisfyer-1-estimulador-next-generation-94462.html
Satisfyer Marvelous Four,Satisfyer,101443,Currently 2.67/5,(3 votos),"62,00 €",,https://www.diversual.com/es/satisfyer-marvelous-four-101443.html
Satisfyer Curvy 2+ Blanco,Satisfyer,99529,Currently 4.07/5,(123 votos),"29,90 €","45,90 €",https://www.diversual.com/es/satisfyer-curvy-2-blanco-99529.html
Sweet Tornado Negro,S Pleasures,101696,Currently 4.00/5,(1 votos),"30,00 €",,https://www.diversual.com/es/sweet-tornado-101696.html
Satisfyer Curvy 3+ Rosa,Satisfyer,99533,Currently 3.69/5,(51 votos),"31,90 €","49,90 €",https://www.diversual.com/es/satisfyer-curvy-3-rosa-99533.html
Satisfyer Pro 4 Couples Parejas,Satisfyer,96951,Currently 3.75/5,(143 votos),"43,50 €",,https://www.diversual.com/es/satisfyer-pro-4-couples-parejas-96951.html
Sila Cruise Azul,Lelo,101368,Currently 5.00/5,(2 votos),"169,90 €","189,00 €",https://www.diversual.com/es/sila-cruise-azul-101368.html
Inspiration Succionador y Huevo,Adrien Lastic,100107,Currently 3.95/5,(39 votos),"45,00 €","60,70 €",https://www.diversual.com/es/inspiration-succionador-y-huevo-100107.html
Satisfyer 2 Clítoris,Satisfyer,94463,Currently 4.29/5,(139 votos),"17,90 €","29,90 €",https://www.diversual.com/es/satisfyer-2-estimulador-de-clitoris-para-mujer-94463.html
Sila Cruise Rosa,Lelo,101367,Currently 4.00/5,(2 votos),"169,90 €","189,00 €",https://www.diversual.com/es/sila-cruise-rosa-101367.html
Satisfyer Estimulador Clítoris Pro Traveler,Satisfyer,97273,Currently 3.64/5,(72 votos),"35,90 €","41,90 €",https://www.diversual.com/es/satisfyer-estimulador-clitoris-pro-traveler-97273.html
Satisfyer Pro 2 Azul,Satisfyer,101228,Currently 3.76/5,(21 votos),"33,90 €","59,90 €",https://www.diversual.com/es/satisfyer-pro-2-azul-101228.html
Feliona Negro,Intoyou,101254,Currently 3.20/5,(5 votos),"45,50 €",,https://www.diversual.com/es/feliona-negro-101254.html
One Night Stand,Satisfyer,98756,Currently 3.28/5,(46 votos),"12,20 €",,https://www.diversual.com/es/satisfyer-one-night-stand-98756.html
Sona Cereza,Lelo,96416,Currently 3.98/5,(64 votos),"46,50 €",,https://www.diversual.com/es/estimulador-clitoris-sona-lelo-cereza-96416.html
Dash 2.0,Intoyou,101253,Currently 2.83/5,(6 votos),"43,50 €",,https://www.diversual.com/es/feliona-negro-101253.html
Satisfyer Curvy 1+ Rojo,Satisfyer,99528,Currently 4.34/5,(73 votos),"34,90 €","49,90 €",https://www.diversual.com/es/satisfyer-curvy-1-rojo-99528.html
Sona 2 Cruise Cereza,Lelo,98893,Currently 3.43/5,(28 votos),"103,90 €","139,00 €",https://www.diversual.com/es/sona-2-cruise-cereza-lelo-estimulador-clitoris-98893.html
Sona 2 Negro,Lelo,98942,Currently 3.74/5,(19 votos),"74,20 €","99,00 €",https://www.diversual.com/es/sona-2-negro-lelo-succionador-clitoris-98942.html
Sona Negro,Lelo,96414,Currently 3.74/5,(39 votos),"46,50 €",,https://www.diversual.com/es/estimulador-clitoris-sona-negro-96414.html
Sona Cruise Cereza,Lelo,96415,Currently 3.65/5,(48 votos),"60,30 €",,https://www.diversual.com/es/estimulador-clitoris-sona-cruise-cereza-96415.html
Dual Pleasure Air Pulse Malva,Satisfyer,99955,Currently 2.75/5,(24 votos),"44,30 €",,https://www.diversual.com/es/satisfyer-dual-pleasure-air-pulse-malva-99955.html
Womanizer Premium Eco,Womanizer,100531,Currently 3.11/5,(9 votos),"129,90 €","189,00 €",https://www.diversual.com/es/womanizer-premium-eco-100531.html
Satisfyer Pro Plus Vibración,Satisfyer,96952,Currently 4.23/5,(75 votos),"43,50 €",,https://www.diversual.com/es/satisfyer-pro-plus-vibracion-clitoris-96952.html
Sona 2 Cruise Negro,Lelo,98895,Currently 3.13/5,(30 votos),"103,90 €","139,00 €",https://www.diversual.com/es/sona-2-cruise-estimulador-lelo-clitoris-negro-98895.html
Silver Delights Limited,Womanizer,100463,Currently 2.56/5,(9 votos),"199,90 €","250,00 €",https://www.diversual.com/es/silver-delights-limited-edition-100463.html
Sona Rosa,Lelo,96418,Currently 4.02/5,(43 votos),"47,00 €",,https://www.diversual.com/es/estimulador-lelo-clitoris-sona-rosa-96418.html
Satisfyer Curvy 1+ Blanco,Satisfyer,99527,Currently 4.34/5,(47 votos),"34,90 €","49,90 €",https://www.diversual.com/es/satisfyer-curvy-1-blanco-99527.html
Womanizer Golden Moments Limited Edition,Womanizer,100462,Currently 3.67/5,(9 votos),"199,00 €","299,00 €",https://www.diversual.com/es/golden-moments-100462.html
Sona Cruise Rosa,Lelo,96417,Currently 3.73/5,(67 votos),"60,30 €",,https://www.diversual.com/es/lelo-estimulador-clitoris-sona-cruise-rosa-96417.html
Sona Cruise Negro,Lelo,96413,Currently 3.80/5,(40 votos),"60,30 €",,https://www.diversual.com/es/estimulador-clitoris-sona-cruise-negro-96413.html
Romp Switch,Romp,100459,Currently 4.20/5,(5 votos),"27,30 €",,https://www.diversual.com/es/switch-100459.html
Sona 2 Cruise Lila,Lelo,98894,Currently 3.59/5,(27 votos),"103,90 €","139,00 €",https://www.diversual.com/es/sona-2-cruise-estimulador-lelo-clitoris-lila-98894.html
Love Breeze Ice Blue,Satisfyer,99867,Currently 2.71/5,(21 votos),"28,30 €",,https://www.diversual.com/es/satisfyer-love-breeze-ice-blue-99867.html
Cyclon,Revo,100421,Currently 3.00/5,(9 votos),"60,70 €",,https://www.diversual.com/es/cyclon-100421.html
Sona 2 Lila,Lelo,98943,Currently 3.45/5,(22 votos),"74,20 €","99,00 €",https://www.diversual.com/es/sona-2-lila-succionador-clitoris-98943.html
Shushu New Generation Clitorial Orquídea,Rithual,99204,Currently 3.45/5,(20 votos),"33,95 €","39,95 €",https://www.diversual.com/es/ritual-shushu-new-generation-clitorial-orquidea-99204.html
Enigma Negro,Lelo,100273,Currently 2.80/5,(20 votos),"139,90 €","179,00 €",https://www.diversual.com/es/enigma-negro-100273.html
Irresistible Desiderable Succionador Negro,Shots,99137,Currently 3.11/5,(19 votos),"50,40 €",,https://www.diversual.com/es/irresistible-desiderable-succionador-negro-99137.html
Satisfyer Pro Deluxe,Satisfyer,94461,Currently 4.00/5,(69 votos),"43,50 €",,https://www.diversual.com/es/satisfyer-pro-deluxe-estimulador-mujer-94461.html
Enigma Rosa Intenso,Lelo,100272,Currently 3.00/5,(15 votos),"139,90 €","179,00 €",https://www.diversual.com/es/enigma-rosa-intenso-100272.html
Love Breeze Cooper Rosa,Satisfyer,99866,Currently 3.08/5,(12 votos),"28,30 €",,https://www.diversual.com/es/satisfyer-love-breeze-cooper-99866.html
Satisfyer Pret-A-Porter,Satisfyer,98260,Currently 4.32/5,(37 votos),"67,80 €",,https://www.diversual.com/es/satisfyer-pret-a-porter-estimulador-clitoris-98260.html
Romp Shine,Romp,100100,Currently 3.75/5,(8 votos),"39,90 €",,https://www.diversual.com/es/romp-shine-100100.html
Womanizer Starlet 2 Azul,Womanizer,99187,Currently 3.82/5,(11 votos),"49,90 €","69,00 €",https://www.diversual.com/es/womanizer-starlet-2-estimulador-clitoris-azul-99187.html
Irresistible Desiderable Rosa,Shots,99133,Currently 3.00/5,(24 votos),"50,40 €",,https://www.diversual.com/es/irresistible-desiderable-succionador-rosa-99133.html
Romp Free,Romp,100099,Currently 3.83/5,(6 votos),"34,90 €",,https://www.diversual.com/es/romp-free-100099.html
Love Triangle Negro,Satisfyer,99569,Currently 4.15/5,(34 votos),"32,40 €",,https://www.diversual.com/es/satisfyer-estimulador-love-triangle-negro-99569.html
Irresistible Seductive Negro,Shots,99297,Currently 3.73/5,(11 votos),"45,80 €",,https://www.diversual.com/es/irresistible-seductive-succionador-negro-99297.html
Love Breeze Oro,Satisfyer,99865,Currently 3.33/5,(12 votos),"28,70 €",,https://www.diversual.com/es/satisfyer-love-breeze-oro-99865.html
Shushu New Generation Clitorial Aqua,Rithual,99205,Currently 2.79/5,(19 votos),"33,95 €","39,95 €",https://www.diversual.com/es/ritual-shushu-new-generation-clitorial-aqua-99205.html
Lora Dicarlo Ose 2,Lora Dicarlo,100059,Currently 2.95/5,(21 votos),"263,95 €","299,00 €",https://www.diversual.com/es/lora-dicarlo-ose-2-100059.html
Shushu Azabache,Rithual,99203,Currently 3.44/5,(9 votos),"33,95 €","39,95 €",https://www.diversual.com/es/ritual-shushu-new-generation-clitorial-azabache-99203.html
Lora Dicarlo Carezza,Lora Dicarlo,100057,Currently 4.40/5,(5 votos),"99,90 €","155,00 €",https://www.diversual.com/es/lora-dicarlo-carezza-100057.html
We-Vibe Melt,We-Vibe,98949,Currently 3.70/5,(20 votos),"119,90 €","149,00 €",https://www.diversual.com/es/we-vibe-melt-succionador-clitoris-remoto-98949.html
Satisfyer Dual Love Vibrador y Succionador Rojo,Satisfyer,99884,Currently 2.92/5,(12 votos),"43,50 €",,https://www.diversual.com/es/satisfyer-dual-love-vibrador-y-succionador-rojo-99884.html
Irresistible Desiderable Morado,Shots,99128,Currently 3.17/5,(23 votos),"50,40 €",,https://www.diversual.com/es/irresistible-desiderable-succionador-morado-99128.html
Womanizer Duo Raspberry,Womanizer,100055,Currently 3.09/5,(11 votos),"170,90 €","199,00 €",https://www.diversual.com/es/succionador-womanizer-duo-inside-out-raspberry-100055.html
Satisfyer Dual Love Vibrador y Succionador Amarillo,Satisfyer,99883,Currently 2.80/5,(20 votos),"43,50 €",,https://www.diversual.com/es/satisfyer-dual-love-vibrador-y-succionador-amarillo-99883.html
Womanizer Duo Blue,Womanizer,100054,Currently 3.42/5,(12 votos),"170,90 €","199,00 €",https://www.diversual.com/es/succionador-womanizer-duo-inside-out-blueberry-100054.html
Dual Pleasure Air Pulse Blanco,Satisfyer,99959,Currently 3.00/5,(10 votos),"43,50 €",,https://www.diversual.com/es/satisfyer-dual-pleasure-air-pulse-blanco-99959.html
Satisfyer Haute Couture Clítoris,Satisfyer,98259,Currently 3.94/5,(33 votos),"66,30 €",,https://www.diversual.com/es/satisfyer-haute-coiture-clitoris-98259.html
Satisfyer Luxury High Fashion Estimulador,Satisfyer,98208,Currently 3.32/5,(22 votos),"82,60 €",,https://www.diversual.com/es/satisfyer-luxury-high-fashion-estimulador-mujer-98208.html
Womanizer Premium Azul,Womanizer,99189,Currently 3.45/5,(11 votos),"156,90 €","189,00 €",https://www.diversual.com/es/womanizer-premium-estimulador-clitoris-azul-99189.html
Sila Succionador Rosa,Lelo,99879,Currently 3.78/5,(27 votos),"125,90 €","169,00 €",https://www.diversual.com/es/estimulador-clitoris-sila-rosa-99879.html
Womanizer Premium Rosa,Womanizer,99188,Currently 3.44/5,(9 votos),"150,90 €","189,00 €",https://www.diversual.com/es/womanizer-premium-estimulador-rosa-99188.html
Womanizer Premium Blanco,Womanizer,98128,Currently 3.56/5,(9 votos),"189,00 €",,https://www.diversual.com/es/womanizer-premium-estimulador-clitoris-blanco-98128.html
Womanizer Premium Negro,Womanizer,98127,Currently 4.25/5,(12 votos),"156,90 €","189,00 €",https://www.diversual.com/es/womanizer-premium-estimulador-clitoris-negro-98127.html
Womanizer Duo Bordeaux Gold,Womanizer,99190,Currently 3.19/5,(16 votos),"169,90 €","199,00 €",https://www.diversual.com/es/succionador-womanizer-duo-inside-out-red-99190.html
Womanizer Premium Rojo,Womanizer,98129,Currently 3.82/5,(17 votos),"156,90 €","189,00 €",https://www.diversual.com/es/womanizer-premium-estimulador-clitoris-rojo-98129.html
Sila Succionador Azul,Lelo,99880,Currently 3.07/5,(15 votos),"125,90 €","169,00 €",https://www.diversual.com/es/estimulador-clitoris-sila-azul-99880.html
Love Triangle Blanco,Satisfyer,99568,Currently 3.44/5,(18 votos),"32,80 €","47,80 €",https://www.diversual.com/es/satisfyer-estimulador-love-triangle-blanco-99568.html
Womanizer Starlet 2 Coral,Womanizer,99186,Currently 4.00/5,(7 votos),"57,90 €","69,00 €",https://www.diversual.com/es/womanizer-starlet-2-estimulador-coral-99186.html
Sila Succionador Lila,Lelo,99878,Currently 3.35/5,(17 votos),"125,90 €","169,00 €",https://www.diversual.com/es/estimulador-clitoris-sila-lila-99878.html
Estimulación Succión y Vibración Tease N’Please-Her,Pipedream,98092,Currently 3.07/5,(28 votos),"59,90 €",,https://www.diversual.com/es/estimulacion-succion-y-vibracion-tease-nplease-her-98092.html
Irresistible Mythical Rosa,Shots,99134,Currently 2.80/5,(10 votos),"50,40 €",,https://www.diversual.com/es/irresistible-mythical-succionador-rosa-99134.html
Womanizer Classic Morado,Womanizer,98130,Currently 4.10/5,(10 votos),"89,90 €","129,00 €",https://www.diversual.com/es/classic-estimulador-clitoris-morado-98130.html
Womanizer Liberty Rosa,Womanizer,98124,Currently 4.21/5,(14 votos),"99,00 €",,https://www.diversual.com/es/womanizer-liberty-estimulador-rosa-98124.html
Irresistible Mythical Succionador Morado,Shots,99141,Currently 2.94/5,(17 votos),"50,40 €",,https://www.diversual.com/es/irresistible-mythical-succionador-morado-99141.html
Irresitible Kissable Morado,Shots,99298,Currently 3.13/5,(8 votos),"45,80 €",,https://www.diversual.com/es/irresitible-kissable-succionador-morado-99298.html
Irresistible Seductive Morado,Shots,99294,Currently 4.00/5,(6 votos),"45,80 €",,https://www.diversual.com/es/irresistible-seductive-succionador-morado-99294.html
Womanizer Liberty Vino Tinto,Womanizer,98133,Currently 4.16/5,(19 votos),"69,90 €","99,00 €",https://www.diversual.com/es/womanizer-liberty-estimulador-clitoris-tinto-98133.html
Womanizer Liberty Lila,Womanizer,98132,Currently 4.08/5,(13 votos),"69,90 €","99,00 €",https://www.diversual.com/es/womanizer-liberty-estimulador-clitoris-color-lila-98132.html
Irresistible Kissable Rosa,Shots,99293,Currently 3.25/5,(4 votos),"45,80 €",,https://www.diversual.com/es/irresistible-kissable-succionador-rosa-99293.html
Womanizer Liberty Azul,Womanizer,98131,Currently 4.17/5,(12 votos),"88,90 €","99,00 €",https://www.diversual.com/es/womanizer-liberty-estimulador-clitoris-color-azul-98131.html
Irresistible Kissable Negro,Shots,99295,Currently 4.00/5,(1 votos),"45,80 €",,https://www.diversual.com/es/irresistible-kissable-succionador-negro-99295.html
Irresistible Seductive Rosa,Shots,99296,Currently 3.63/5,(8 votos),"45,80 €",,https://www.diversual.com/es/irresistible-seductive-succionador-rosa-99296.html
